audio_url,number
https://raw.github.com/selveszero/nets213final/main/data/mp3_files/iter1/2021-04-27_184544_01.mp3,50
https://raw.github.com/selveszero/nets213final/main/data/mp3_files/iter1/2021-04-27_184544_02.mp3,56
https://raw.github.com/selveszero/nets213final/main/data/mp3_files/iter1/2021-04-27_184544_03.mp3,47
https://raw.github.com/selveszero/nets213final/main/data/mp3_files/iter1/2021-04-27_184544_04.mp3,66
https://raw.github.com/selveszero/nets213final/main/data/mp3_files/iter1/2021-04-27_184544_05.mp3,63
https://raw.github.com/selveszero/nets213final/main/data/mp3_files/iter1/2021-04-27_184544_06.mp3,77
https://raw.github.com/selveszero/nets213final/main/data/mp3_files/iter1/2021-04-27_184544_07.mp3,35
https://raw.github.com/selveszero/nets213final/main/data/mp3_files/iter1/2021-04-27_184544_08.mp3,22
https://raw.github.com/selveszero/nets213final/main/data/mp3_files/iter1/2021-04-27_184544_09.mp3,74
https://raw.github.com/selveszero/nets213final/main/data/mp3_files/iter1/2021-04-27_184544_10.mp3,85
https://raw.github.com/selveszero/nets213final/main/data/mp3_files/iter1/2021-04-27_184544_11.mp3,38
https://raw.github.com/selveszero/nets213final/main/data/mp3_files/iter1/2021-04-27_184544_12.mp3,13
https://raw.github.com/selveszero/nets213final/main/data/mp3_files/iter1/2021-04-27_184544_13.mp3,78
https://raw.github.com/selveszero/nets213final/main/data/mp3_files/iter1/2021-04-27_184544_14.mp3,19
https://raw.github.com/selveszero/nets213final/main/data/mp3_files/iter1/2021-04-27_184544_15.mp3,63
